<keymap version="1" name="ReSharper copy" parent="ReSharper">
  <action id="AceAction" />
  <action id="ActivateBuildToolWindow">
    <keyboard-shortcut first-keystroke="alt 0" />
    <keyboard-shortcut first-keystroke="alt k" second-keystroke="b" />
  </action>
  <action id="CloseAllEditors">
    <keyboard-shortcut first-keystroke="alt k" second-keystroke="a" />
  </action>
  <action id="CloseAllEditorsButActive">
    <keyboard-shortcut first-keystroke="alt k" second-keystroke="t" />
  </action>
  <action id="CloseAllUnpinnedEditors">
    <keyboard-shortcut first-keystroke="alt k" second-keystroke="p" />
  </action>
  <action id="CodeKits">
    <keyboard-shortcut first-keystroke="ctrl alt 0" />
  </action>
  <action id="CollapseAllRegions">
    <keyboard-shortcut first-keystroke="alt m" second-keystroke="p" />
    <keyboard-shortcut first-keystroke="ctrl m" second-keystroke="o" />
  </action>
  <action id="CollapseRegion">
    <keyboard-shortcut first-keystroke="ctrl alt left" />
  </action>
  <action id="CollapseRegionRecursively">
    <keyboard-shortcut first-keystroke="ctrl alt subtract" />
    <keyboard-shortcut first-keystroke="ctrl alt minus" />
    <keyboard-shortcut first-keystroke="alt m" second-keystroke="semicolon" />
  </action>
  <action id="CopyReference" />
  <action id="Debug" />
  <action id="EditorCloneCaretAbove">
    <keyboard-shortcut first-keystroke="shift ctrl alt e" />
  </action>
  <action id="EditorCloneCaretBelow">
    <keyboard-shortcut first-keystroke="shift ctrl alt d" />
  </action>
  <action id="EditorDecreaseFontSize">
    <keyboard-shortcut first-keystroke="ctrl alt 8" />
  </action>
  <action id="EditorIncreaseFontSize">
    <keyboard-shortcut first-keystroke="ctrl alt 9" />
  </action>
  <action id="ExpandAllRegions">
    <keyboard-shortcut first-keystroke="shift ctrl add" />
    <keyboard-shortcut first-keystroke="shift ctrl equals" />
    <keyboard-shortcut first-keystroke="alt m" second-keystroke="o" />
  </action>
  <action id="ExpandAllToLevel1">
    <keyboard-shortcut first-keystroke="shift ctrl multiply" second-keystroke="1" />
    <keyboard-shortcut first-keystroke="shift ctrl multiply" second-keystroke="numpad1" />
    <keyboard-shortcut first-keystroke="shift ctrl alt m" />
  </action>
  <action id="ExpandAllToLevel2">
    <keyboard-shortcut first-keystroke="shift ctrl multiply" second-keystroke="2" />
    <keyboard-shortcut first-keystroke="shift ctrl multiply" second-keystroke="numpad2" />
    <keyboard-shortcut first-keystroke="shift ctrl alt comma" />
  </action>
  <action id="ExpandAllToLevel3">
    <keyboard-shortcut first-keystroke="shift ctrl multiply" second-keystroke="3" />
    <keyboard-shortcut first-keystroke="shift ctrl multiply" second-keystroke="numpad3" />
    <keyboard-shortcut first-keystroke="shift ctrl alt period" />
  </action>
  <action id="ExpandRegion">
    <keyboard-shortcut first-keystroke="ctrl alt right" />
  </action>
  <action id="ExpandRegionRecursively">
    <keyboard-shortcut first-keystroke="ctrl alt add" />
    <keyboard-shortcut first-keystroke="ctrl alt equals" />
    <keyboard-shortcut first-keystroke="alt m" second-keystroke="l" />
  </action>
  <action id="FileStructurePopup">
    <keyboard-shortcut first-keystroke="ctrl f12" />
    <keyboard-shortcut first-keystroke="shift ctrl alt n" />
  </action>
  <action id="GotoSymbol">
    <keyboard-shortcut first-keystroke="alt k" second-keystroke="n" />
  </action>
  <action id="HideAllWindows">
    <keyboard-shortcut first-keystroke="shift ctrl f12" />
    <keyboard-shortcut first-keystroke="ctrl alt k" />
  </action>
  <action id="JustOneSpace">
    <keyboard-shortcut first-keystroke="shift ctrl alt space" />
  </action>
  <action id="PinActiveTab">
    <keyboard-shortcut first-keystroke="alt k" second-keystroke="period" />
  </action>
  <action id="Print" />
  <action id="RebuildSolutionAction">
    <keyboard-shortcut first-keystroke="shift alt b" />
  </action>
  <action id="RevealIn">
    <keyboard-shortcut first-keystroke="shift alt x" />
  </action>
  <action id="RiderCollapseToDefinitions">
    <keyboard-shortcut first-keystroke="ctrl m" second-keystroke="ctrl o" />
  </action>
  <action id="ShowErrorDescription">
    <keyboard-shortcut first-keystroke="ctrl f1" />
    <keyboard-shortcut first-keystroke="alt t" />
    <keyboard-shortcut first-keystroke="alt k" second-keystroke="i" />
  </action>
  <action id="StringManipulation.ToSnakeCaseOrCamelCase">
    <keyboard-shortcut first-keystroke="shift ctrl alt s" />
  </action>
  <action id="TerminalDecreaseFontSize">
    <keyboard-shortcut first-keystroke="ctrl alt 8" />
  </action>
  <action id="TerminalIncreaseFontSize" />
  <action id="ToggleZenMode">
    <keyboard-shortcut first-keystroke="shift ctrl alt z" />
  </action>
  <action id="VcsShowNextChangeMarker" />
  <action id="ViewMainMenu">
    <keyboard-shortcut first-keystroke="shift ctrl m" />
  </action>
  <action id="emacsIDEAs.AceJump">
    <keyboard-shortcut first-keystroke="alt semicolon" />
  </action>
  <action id="emacsIDEAs.AceJumpCopy.String">
    <keyboard-shortcut first-keystroke="meta w" second-keystroke="meta s" />
    <keyboard-shortcut first-keystroke="shift ctrl alt c" />
  </action>
  <action id="emacsIDEAs.AceJumpWord">
    <keyboard-shortcut first-keystroke="ctrl semicolon" />
  </action>
</keymap>